INSERT INTO HM_PERSON_BASIC(EMP_CD, EMP_NM, RESIDENT_NO, ORG_CD, PASSWORD, ASSIGNED_TASK) VALUES('100001', '박영훈', '7210101262322', '010502', '1234', '프로젝트 컨설팅');	
INSERT INTO HM_PERSON_BASIC(EMP_CD, EMP_NM, RESIDENT_NO, ORG_CD, PASSWORD, ASSIGNED_TASK) VALUES('100002', '김정훈', '7801101242345', '010502', '1234', '프로젝트 컨설팅');	
INSERT INTO HM_PERSON_BASIC(EMP_CD, EMP_NM, RESIDENT_NO, ORG_CD, PASSWORD, ASSIGNED_TASK) VALUES('100003', '윤희주', '8210112223422', '010502', '1234', '프로젝트 컨설팅');	
INSERT INTO HM_PERSON_AUTHORITY(EMP_CD, AUTHORITY_CD) VALUES('100001', '90000');	
	
INSERT INTO BM_AUTHORITY_MENU(AUTHORITY_CD, MENU_CD) VALUES('90000', '010000');	
INSERT INTO BM_AUTHORITY_MENU(AUTHORITY_CD, MENU_CD) VALUES('90000', '010100');	
INSERT INTO BM_AUTHORITY_MENU(AUTHORITY_CD, MENU_CD) VALUES('90000', '010200');	
INSERT INTO BM_AUTHORITY_MENU(AUTHORITY_CD, MENU_CD) VALUES('90000', '010300');	
INSERT INTO BM_AUTHORITY_MENU(AUTHORITY_CD, MENU_CD) VALUES('90000', '020000');	
INSERT INTO BM_AUTHORITY_MENU(AUTHORITY_CD, MENU_CD) VALUES('90000', '020100');	
INSERT INTO BM_AUTHORITY_MENU(AUTHORITY_CD, MENU_CD) VALUES('90000', '020200');	
	
INSERT INTO  BM_CODE_GRP(GRP_CD, GRP_NM, SORT_ORDER, IS_USE, NOTE) VALUES ('01', '직책', 1, 'Y', '직책');	
INSERT INTO  BM_CODE_GRP(GRP_CD, GRP_NM, SORT_ORDER, IS_USE, NOTE) VALUES ('02', '직위', 2, 'Y', '직위');	
INSERT INTO  BM_CODE_GRP(GRP_CD, GRP_NM, SORT_ORDER, IS_USE, NOTE) VALUES ('03', '직원구분', 3, 'Y', '직원구분');	
INSERT INTO  BM_CODE_GRP(GRP_CD, GRP_NM, SORT_ORDER, IS_USE, NOTE) VALUES ('04', '종교', 4, 'Y', '종교');	
INSERT INTO  BM_CODE_GRP(GRP_CD, GRP_NM, SORT_ORDER, IS_USE, NOTE) VALUES ('05', '최종학력', 5, 'Y', '최종학력');	
INSERT INTO  BM_CODE_GRP(GRP_CD, GRP_NM, SORT_ORDER, IS_USE, NOTE) VALUES ('06', '시간외근무', 6, 'Y', '시간외근무');	
INSERT INTO  BM_CODE_GRP(GRP_CD, GRP_NM, SORT_ORDER, IS_USE, NOTE) VALUES ('07', '시간외결재상태', 7, 'Y', '시간외결재상태');	
INSERT INTO  BM_CODE_GRP(GRP_CD, GRP_NM, SORT_ORDER, IS_USE, NOTE) VALUES ('10', '우편번호화면도코드', 8, 'Y', '우편번호화면도코드');	
INSERT INTO  BM_CODE_GRP(GRP_CD, GRP_NM, SORT_ORDER, IS_USE, NOTE) VALUES ('11', '인력형태', 9, 'Y', '인력형태');	
INSERT INTO  BM_CODE_GRP(GRP_CD, GRP_NM, SORT_ORDER, IS_USE, NOTE) VALUES ('12', '기술등급', 10, 'Y', '기술등급');	
INSERT INTO  BM_CODE_GRP(GRP_CD, GRP_NM, SORT_ORDER, IS_USE, NOTE) VALUES ('13', '학위구분', 11, 'Y', '학위구분');	
INSERT INTO  BM_CODE_GRP(GRP_CD, GRP_NM, SORT_ORDER, IS_USE, NOTE) VALUES ('14', '자격증', 12, 'Y', '자격증');	
INSERT INTO  BM_CODE_GRP(GRP_CD, GRP_NM, SORT_ORDER, IS_USE, NOTE) VALUES ('15', '개발기술', 13, 'Y', '개발기술');	
INSERT INTO  BM_CODE_GRP(GRP_CD, GRP_NM, SORT_ORDER, IS_USE, NOTE) VALUES ('16', '산업분야', 14, 'Y', '산업분야');	
INSERT INTO  BM_CODE_GRP(GRP_CD, GRP_NM, SORT_ORDER, IS_USE, NOTE) VALUES ('17', '외주계약구분', 15, 'Y', '외주계약구분');	
INSERT INTO  BM_CODE_GRP(GRP_CD, GRP_NM, SORT_ORDER, IS_USE, NOTE) VALUES ('18', '계약종료평가', 16, 'Y', '계약종료평가');	
INSERT INTO  BM_CODE_GRP(GRP_CD, GRP_NM, SORT_ORDER, IS_USE, NOTE) VALUES ('19', '역할', 17, 'Y', '프로젝트역할');	
INSERT INTO  BM_CODE_GRP(GRP_CD, GRP_NM, SORT_ORDER, IS_USE, NOTE) VALUES ('20', '조직구분', 18, 'Y', '조직구분');	
INSERT INTO  BM_CODE_GRP(GRP_CD, GRP_NM, SORT_ORDER, IS_USE, NOTE) VALUES ('21', '입사구분', 19, 'Y', '입사구분');	
INSERT INTO  BM_CODE_GRP(GRP_CD, GRP_NM, SORT_ORDER, IS_USE, NOTE) VALUES ('22', '주거구분', 20, 'Y', '주거구분');	
INSERT INTO  BM_CODE_GRP(GRP_CD, GRP_NM, SORT_ORDER, IS_USE, NOTE) VALUES ('23', '직군', 21, 'Y', '직군');	
INSERT INTO  BM_CODE_GRP(GRP_CD, GRP_NM, SORT_ORDER, IS_USE, NOTE) VALUES ('24', '직무', 22, 'Y', '직무');	
	
INSERT INTO  BM_CODE(GRP_CD, COM_CD, CODE_NM, SORT_ORDER, IS_USE, ATTR_VALUE1, ATTR_VALUE2, ATTR_VALUE3, NOTE) VALUES ('01', '01', '임원', 1, 'Y', '', '', '', '');	
INSERT INTO  BM_CODE(GRP_CD, COM_CD, CODE_NM, SORT_ORDER, IS_USE, ATTR_VALUE1, ATTR_VALUE2, ATTR_VALUE3, NOTE) VALUES ('01', '02', '팀장', 2, 'Y', '', '', '', '');	
INSERT INTO  BM_CODE(GRP_CD, COM_CD, CODE_NM, SORT_ORDER, IS_USE, ATTR_VALUE1, ATTR_VALUE2, ATTR_VALUE3, NOTE) VALUES ('01', '03', '팀원', 3, 'Y', '', '', '', '');	
INSERT INTO  BM_CODE(GRP_CD, COM_CD, CODE_NM, SORT_ORDER, IS_USE, ATTR_VALUE1, ATTR_VALUE2, ATTR_VALUE3, NOTE) VALUES ('01', '04', '협력', 4, 'Y', '', '', '', '');	
INSERT INTO  BM_CODE(GRP_CD, COM_CD, CODE_NM, SORT_ORDER, IS_USE, ATTR_VALUE1, ATTR_VALUE2, ATTR_VALUE3, NOTE) VALUES ('02', '01', '대표이사', 1, 'Y', '', '', '', '');	
INSERT INTO  BM_CODE(GRP_CD, COM_CD, CODE_NM, SORT_ORDER, IS_USE, ATTR_VALUE1, ATTR_VALUE2, ATTR_VALUE3, NOTE) VALUES ('02', '02', '이사', 2, 'Y', '', '', '', '');	
INSERT INTO  BM_CODE(GRP_CD, COM_CD, CODE_NM, SORT_ORDER, IS_USE, ATTR_VALUE1, ATTR_VALUE2, ATTR_VALUE3, NOTE) VALUES ('02', '03', '팀장', 3, 'Y', '', '', '', '');	
INSERT INTO  BM_CODE(GRP_CD, COM_CD, CODE_NM, SORT_ORDER, IS_USE, ATTR_VALUE1, ATTR_VALUE2, ATTR_VALUE3, NOTE) VALUES ('02', '04', '차장', 5, 'Y', '', '', '', '');	
INSERT INTO  BM_CODE(GRP_CD, COM_CD, CODE_NM, SORT_ORDER, IS_USE, ATTR_VALUE1, ATTR_VALUE2, ATTR_VALUE3, NOTE) VALUES ('02', '05', '과장', 6, 'Y', '', '', '', '');	
INSERT INTO  BM_CODE(GRP_CD, COM_CD, CODE_NM, SORT_ORDER, IS_USE, ATTR_VALUE1, ATTR_VALUE2, ATTR_VALUE3, NOTE) VALUES ('02', '06', '대리', 7, 'Y', '', '', '', '');	
INSERT INTO  BM_CODE(GRP_CD, COM_CD, CODE_NM, SORT_ORDER, IS_USE, ATTR_VALUE1, ATTR_VALUE2, ATTR_VALUE3, NOTE) VALUES ('02', '07', '사원', 8, 'Y', '', '', '', '');	
INSERT INTO  BM_CODE(GRP_CD, COM_CD, CODE_NM, SORT_ORDER, IS_USE, ATTR_VALUE1, ATTR_VALUE2, ATTR_VALUE3, NOTE) VALUES ('02', '08', '부장', 4, 'Y', '', '', '', '');	
INSERT INTO  BM_CODE(GRP_CD, COM_CD, CODE_NM, SORT_ORDER, IS_USE, ATTR_VALUE1, ATTR_VALUE2, ATTR_VALUE3, NOTE) VALUES ('03', '01', '관리자', 1, 'Y', '', '', '', '');	
INSERT INTO  BM_CODE(GRP_CD, COM_CD, CODE_NM, SORT_ORDER, IS_USE, ATTR_VALUE1, ATTR_VALUE2, ATTR_VALUE3, NOTE) VALUES ('03', '02', '일반사용자', 2, 'Y', '', '', '', '');	
INSERT INTO  BM_CODE(GRP_CD, COM_CD, CODE_NM, SORT_ORDER, IS_USE, ATTR_VALUE1, ATTR_VALUE2, ATTR_VALUE3, NOTE) VALUES ('03', '03', '협력업체직원', 2, 'Y', '', '', '', '');	
INSERT INTO  BM_CODE(GRP_CD, COM_CD, CODE_NM, SORT_ORDER, IS_USE, ATTR_VALUE1, ATTR_VALUE2, ATTR_VALUE3, NOTE) VALUES ('04', '01', '기독교', 1, 'Y', '', '', '', '');	
INSERT INTO  BM_CODE(GRP_CD, COM_CD, CODE_NM, SORT_ORDER, IS_USE, ATTR_VALUE1, ATTR_VALUE2, ATTR_VALUE3, NOTE) VALUES ('04', '02', '천주교', 2, 'Y', '', '', '', '');	
INSERT INTO  BM_CODE(GRP_CD, COM_CD, CODE_NM, SORT_ORDER, IS_USE, ATTR_VALUE1, ATTR_VALUE2, ATTR_VALUE3, NOTE) VALUES ('04', '03', '불교', 8, 'Y', '', '', '', '');	
INSERT INTO  BM_CODE(GRP_CD, COM_CD, CODE_NM, SORT_ORDER, IS_USE, ATTR_VALUE1, ATTR_VALUE2, ATTR_VALUE3, NOTE) VALUES ('04', '04', '기타', 9, 'Y', '', '', '', '');	
INSERT INTO  BM_CODE(GRP_CD, COM_CD, CODE_NM, SORT_ORDER, IS_USE, ATTR_VALUE1, ATTR_VALUE2, ATTR_VALUE3, NOTE) VALUES ('05', '01', '중졸이하', 10, 'Y', '', '', '', '');	
INSERT INTO  BM_CODE(GRP_CD, COM_CD, CODE_NM, SORT_ORDER, IS_USE, ATTR_VALUE1, ATTR_VALUE2, ATTR_VALUE3, NOTE) VALUES ('05', '02', '고졸', 11, 'Y', '', '', '', '');	
INSERT INTO  BM_CODE(GRP_CD, COM_CD, CODE_NM, SORT_ORDER, IS_USE, ATTR_VALUE1, ATTR_VALUE2, ATTR_VALUE3, NOTE) VALUES ('05', '03', '대졸', 12, 'Y', '', '', '', '');	
INSERT INTO  BM_CODE(GRP_CD, COM_CD, CODE_NM, SORT_ORDER, IS_USE, ATTR_VALUE1, ATTR_VALUE2, ATTR_VALUE3, NOTE) VALUES ('05', '04', '대졸이상', 13, 'Y', '', '', '', '');	
INSERT INTO  BM_CODE(GRP_CD, COM_CD, CODE_NM, SORT_ORDER, IS_USE, ATTR_VALUE1, ATTR_VALUE2, ATTR_VALUE3, NOTE) VALUES ('06', '01', '연장', 1, 'Y', '', '', '', '');	
INSERT INTO  BM_CODE(GRP_CD, COM_CD, CODE_NM, SORT_ORDER, IS_USE, ATTR_VALUE1, ATTR_VALUE2, ATTR_VALUE3, NOTE) VALUES ('06', '02', '철야', 2, 'Y', '', '', '', '');	
INSERT INTO  BM_CODE(GRP_CD, COM_CD, CODE_NM, SORT_ORDER, IS_USE, ATTR_VALUE1, ATTR_VALUE2, ATTR_VALUE3, NOTE) VALUES ('06', '03', '휴일근무', 3, 'Y', '', '', '', '');	
INSERT INTO  BM_CODE(GRP_CD, COM_CD, CODE_NM, SORT_ORDER, IS_USE, ATTR_VALUE1, ATTR_VALUE2, ATTR_VALUE3, NOTE) VALUES ('07', '01', '신청중', 1, 'Y', '', '', '', '');	
INSERT INTO  BM_CODE(GRP_CD, COM_CD, CODE_NM, SORT_ORDER, IS_USE, ATTR_VALUE1, ATTR_VALUE2, ATTR_VALUE3, NOTE) VALUES ('07', '02', '신청완료', 2, 'Y', '', '', '', '');	
INSERT INTO  BM_CODE(GRP_CD, COM_CD, CODE_NM, SORT_ORDER, IS_USE, ATTR_VALUE1, ATTR_VALUE2, ATTR_VALUE3, NOTE) VALUES ('07', '03', '보고중', 3, 'Y', '', '', '', '');	
INSERT INTO  BM_CODE(GRP_CD, COM_CD, CODE_NM, SORT_ORDER, IS_USE, ATTR_VALUE1, ATTR_VALUE2, ATTR_VALUE3, NOTE) VALUES ('07', '04', '보고완료', 4, 'Y', '', '', '', '');	
INSERT INTO  BM_CODE(GRP_CD, COM_CD, CODE_NM, SORT_ORDER, IS_USE, ATTR_VALUE1, ATTR_VALUE2, ATTR_VALUE3, NOTE) VALUES ('07', '05', '반려', 5, 'Y', '', '', '', '');	
INSERT INTO  BM_CODE(GRP_CD, COM_CD, CODE_NM, SORT_ORDER, IS_USE, ATTR_VALUE1, ATTR_VALUE2, ATTR_VALUE3, NOTE) VALUES ('10', '01', '서울', 1, 'Y', '', '', '', '');	
INSERT INTO  BM_CODE(GRP_CD, COM_CD, CODE_NM, SORT_ORDER, IS_USE, ATTR_VALUE1, ATTR_VALUE2, ATTR_VALUE3, NOTE) VALUES ('10', '02', '부산', 2, 'Y', '', '', '', '');	
INSERT INTO  BM_CODE(GRP_CD, COM_CD, CODE_NM, SORT_ORDER, IS_USE, ATTR_VALUE1, ATTR_VALUE2, ATTR_VALUE3, NOTE) VALUES ('10', '03', '경기', 8, 'Y', '', '', '', '');	
INSERT INTO  BM_CODE(GRP_CD, COM_CD, CODE_NM, SORT_ORDER, IS_USE, ATTR_VALUE1, ATTR_VALUE2, ATTR_VALUE3, NOTE) VALUES ('10', '04', '강원', 9, 'Y', '', '', '', '');	
INSERT INTO  BM_CODE(GRP_CD, COM_CD, CODE_NM, SORT_ORDER, IS_USE, ATTR_VALUE1, ATTR_VALUE2, ATTR_VALUE3, NOTE) VALUES ('10', '05', '충북', 10, 'Y', '', '', '', '');	
INSERT INTO  BM_CODE(GRP_CD, COM_CD, CODE_NM, SORT_ORDER, IS_USE, ATTR_VALUE1, ATTR_VALUE2, ATTR_VALUE3, NOTE) VALUES ('10', '06', '충남', 11, 'Y', '', '', '', '');	
INSERT INTO  BM_CODE(GRP_CD, COM_CD, CODE_NM, SORT_ORDER, IS_USE, ATTR_VALUE1, ATTR_VALUE2, ATTR_VALUE3, NOTE) VALUES ('10', '07', '전북', 12, 'Y', '', '', '', '');	
INSERT INTO  BM_CODE(GRP_CD, COM_CD, CODE_NM, SORT_ORDER, IS_USE, ATTR_VALUE1, ATTR_VALUE2, ATTR_VALUE3, NOTE) VALUES ('10', '08', '전남', 13, 'Y', '', '', '', '');	
INSERT INTO  BM_CODE(GRP_CD, COM_CD, CODE_NM, SORT_ORDER, IS_USE, ATTR_VALUE1, ATTR_VALUE2, ATTR_VALUE3, NOTE) VALUES ('10', '09', '경북', 14, 'Y', '', '', '', '');	
INSERT INTO  BM_CODE(GRP_CD, COM_CD, CODE_NM, SORT_ORDER, IS_USE, ATTR_VALUE1, ATTR_VALUE2, ATTR_VALUE3, NOTE) VALUES ('10', '10', '경남', 15, 'Y', '', '', '', '');	
INSERT INTO  BM_CODE(GRP_CD, COM_CD, CODE_NM, SORT_ORDER, IS_USE, ATTR_VALUE1, ATTR_VALUE2, ATTR_VALUE3, NOTE) VALUES ('10', '11', '제주', 16, 'Y', '', '', '', '');	
INSERT INTO  BM_CODE(GRP_CD, COM_CD, CODE_NM, SORT_ORDER, IS_USE, ATTR_VALUE1, ATTR_VALUE2, ATTR_VALUE3, NOTE) VALUES ('10', '12', '대구', 5, 'Y', '', '', '', '');	
INSERT INTO  BM_CODE(GRP_CD, COM_CD, CODE_NM, SORT_ORDER, IS_USE, ATTR_VALUE1, ATTR_VALUE2, ATTR_VALUE3, NOTE) VALUES ('10', '13', '인천', 3, 'Y', '', '', '', '');	
INSERT INTO  BM_CODE(GRP_CD, COM_CD, CODE_NM, SORT_ORDER, IS_USE, ATTR_VALUE1, ATTR_VALUE2, ATTR_VALUE3, NOTE) VALUES ('10', '14', '광주', 6, 'Y', '', '', '', '');	
INSERT INTO  BM_CODE(GRP_CD, COM_CD, CODE_NM, SORT_ORDER, IS_USE, ATTR_VALUE1, ATTR_VALUE2, ATTR_VALUE3, NOTE) VALUES ('10', '15', '대전', 4, 'Y', '', '', '', '');	
INSERT INTO  BM_CODE(GRP_CD, COM_CD, CODE_NM, SORT_ORDER, IS_USE, ATTR_VALUE1, ATTR_VALUE2, ATTR_VALUE3, NOTE) VALUES ('10', '16', '울산', 7, 'Y', '', '', '', '');	
INSERT INTO  BM_CODE(GRP_CD, COM_CD, CODE_NM, SORT_ORDER, IS_USE, ATTR_VALUE1, ATTR_VALUE2, ATTR_VALUE3, NOTE) VALUES ('11', '01', '프리(3.3)', 1, 'Y', '', '', '', '');	
INSERT INTO  BM_CODE(GRP_CD, COM_CD, CODE_NM, SORT_ORDER, IS_USE, ATTR_VALUE1, ATTR_VALUE2, ATTR_VALUE3, NOTE) VALUES ('11', '02', '프리(개인사업)', 2, 'Y', '', '', '', '');	
INSERT INTO  BM_CODE(GRP_CD, COM_CD, CODE_NM, SORT_ORDER, IS_USE, ATTR_VALUE1, ATTR_VALUE2, ATTR_VALUE3, NOTE) VALUES ('11', '03', '협력업체', 3, 'Y', '', '', '', '');	
INSERT INTO  BM_CODE(GRP_CD, COM_CD, CODE_NM, SORT_ORDER, IS_USE, ATTR_VALUE1, ATTR_VALUE2, ATTR_VALUE3, NOTE) VALUES ('12', '10', '초급', 1, 'Y', '', '', '', '');	
INSERT INTO  BM_CODE(GRP_CD, COM_CD, CODE_NM, SORT_ORDER, IS_USE, ATTR_VALUE1, ATTR_VALUE2, ATTR_VALUE3, NOTE) VALUES ('12', '20', '중급', 2, 'Y', '', '', '', '');	
INSERT INTO  BM_CODE(GRP_CD, COM_CD, CODE_NM, SORT_ORDER, IS_USE, ATTR_VALUE1, ATTR_VALUE2, ATTR_VALUE3, NOTE) VALUES ('12', '30', '고급', 3, 'Y', '', '', '', '');	
INSERT INTO  BM_CODE(GRP_CD, COM_CD, CODE_NM, SORT_ORDER, IS_USE, ATTR_VALUE1, ATTR_VALUE2, ATTR_VALUE3, NOTE) VALUES ('12', '40', '특급', 3, 'Y', '', '', '', '');	
INSERT INTO  BM_CODE(GRP_CD, COM_CD, CODE_NM, SORT_ORDER, IS_USE, ATTR_VALUE1, ATTR_VALUE2, ATTR_VALUE3, NOTE) VALUES ('13', '10', '고졸', 4, 'Y', '', '', '', '');	
INSERT INTO  BM_CODE(GRP_CD, COM_CD, CODE_NM, SORT_ORDER, IS_USE, ATTR_VALUE1, ATTR_VALUE2, ATTR_VALUE3, NOTE) VALUES ('13', '20', '전문대졸', 3, 'Y', '', '', '', '');	
INSERT INTO  BM_CODE(GRP_CD, COM_CD, CODE_NM, SORT_ORDER, IS_USE, ATTR_VALUE1, ATTR_VALUE2, ATTR_VALUE3, NOTE) VALUES ('13', '30', '대학교졸', 2, 'Y', '', '', '', '');	
INSERT INTO  BM_CODE(GRP_CD, COM_CD, CODE_NM, SORT_ORDER, IS_USE, ATTR_VALUE1, ATTR_VALUE2, ATTR_VALUE3, NOTE) VALUES ('13', '40', '대학원졸', 2, 'Y', '', '', '', '');	
INSERT INTO  BM_CODE(GRP_CD, COM_CD, CODE_NM, SORT_ORDER, IS_USE, ATTR_VALUE1, ATTR_VALUE2, ATTR_VALUE3, NOTE) VALUES ('13', '50', '박사', 5, 'Y', '', '', '', '');	
INSERT INTO  BM_CODE(GRP_CD, COM_CD, CODE_NM, SORT_ORDER, IS_USE, ATTR_VALUE1, ATTR_VALUE2, ATTR_VALUE3, NOTE) VALUES ('14', '01', '정보처리기능사', 1, 'Y', '', '', '', '');	
INSERT INTO  BM_CODE(GRP_CD, COM_CD, CODE_NM, SORT_ORDER, IS_USE, ATTR_VALUE1, ATTR_VALUE2, ATTR_VALUE3, NOTE) VALUES ('14', '02', '정보처리기사', 2, 'Y', '', '', '', '');	
INSERT INTO  BM_CODE(GRP_CD, COM_CD, CODE_NM, SORT_ORDER, IS_USE, ATTR_VALUE1, ATTR_VALUE2, ATTR_VALUE3, NOTE) VALUES ('14', '03', 'SCJP', 3, 'Y', '', '', '', '');	
INSERT INTO  BM_CODE(GRP_CD, COM_CD, CODE_NM, SORT_ORDER, IS_USE, ATTR_VALUE1, ATTR_VALUE2, ATTR_VALUE3, NOTE) VALUES ('14', '04', 'OCP', 4, 'Y', '', '', '', '');	
INSERT INTO  BM_CODE(GRP_CD, COM_CD, CODE_NM, SORT_ORDER, IS_USE, ATTR_VALUE1, ATTR_VALUE2, ATTR_VALUE3, NOTE) VALUES ('14', '05', 'PMP', 5, 'Y', '', '', '', '');	
INSERT INTO  BM_CODE(GRP_CD, COM_CD, CODE_NM, SORT_ORDER, IS_USE, ATTR_VALUE1, ATTR_VALUE2, ATTR_VALUE3, NOTE) VALUES ('14', '06', 'DAP', 6, 'Y', '', '', '', '');	
INSERT INTO  BM_CODE(GRP_CD, COM_CD, CODE_NM, SORT_ORDER, IS_USE, ATTR_VALUE1, ATTR_VALUE2, ATTR_VALUE3, NOTE) VALUES ('15', '01', 'Proworks', 1, 'Y', '', '', '', '');	
INSERT INTO  BM_CODE(GRP_CD, COM_CD, CODE_NM, SORT_ORDER, IS_USE, ATTR_VALUE1, ATTR_VALUE2, ATTR_VALUE3, NOTE) VALUES ('15', '02', 'WebSquare', 2, 'Y', '', '', '', '');	
INSERT INTO  BM_CODE(GRP_CD, COM_CD, CODE_NM, SORT_ORDER, IS_USE, ATTR_VALUE1, ATTR_VALUE2, ATTR_VALUE3, NOTE) VALUES ('15', '03', 'Oracle', 3, 'Y', '', '', '', '');	
INSERT INTO  BM_CODE(GRP_CD, COM_CD, CODE_NM, SORT_ORDER, IS_USE, ATTR_VALUE1, ATTR_VALUE2, ATTR_VALUE3, NOTE) VALUES ('15', '04', 'Sysbase', 4, 'Y', '', '', '', '');	
INSERT INTO  BM_CODE(GRP_CD, COM_CD, CODE_NM, SORT_ORDER, IS_USE, ATTR_VALUE1, ATTR_VALUE2, ATTR_VALUE3, NOTE) VALUES ('15', '05', 'JEUS', 5, 'Y', '', '', '', '');	
INSERT INTO  BM_CODE(GRP_CD, COM_CD, CODE_NM, SORT_ORDER, IS_USE, ATTR_VALUE1, ATTR_VALUE2, ATTR_VALUE3, NOTE) VALUES ('15', '06', 'WebLogic', 6, 'Y', '', '', '', '');	
INSERT INTO  BM_CODE(GRP_CD, COM_CD, CODE_NM, SORT_ORDER, IS_USE, ATTR_VALUE1, ATTR_VALUE2, ATTR_VALUE3, NOTE) VALUES ('15', '07', 'Java', 7, 'Y', '', '', '', '');	
INSERT INTO  BM_CODE(GRP_CD, COM_CD, CODE_NM, SORT_ORDER, IS_USE, ATTR_VALUE1, ATTR_VALUE2, ATTR_VALUE3, NOTE) VALUES ('15', '08', 'JavaScript', 8, 'Y', '', '', '', '');	
INSERT INTO  BM_CODE(GRP_CD, COM_CD, CODE_NM, SORT_ORDER, IS_USE, ATTR_VALUE1, ATTR_VALUE2, ATTR_VALUE3, NOTE) VALUES ('16', '01', '금융(은행)', 1, 'Y', '', '', '', '');	
INSERT INTO  BM_CODE(GRP_CD, COM_CD, CODE_NM, SORT_ORDER, IS_USE, ATTR_VALUE1, ATTR_VALUE2, ATTR_VALUE3, NOTE) VALUES ('16', '02', '금융(손.생보)', 2, 'Y', '', '', '', '');	
INSERT INTO  BM_CODE(GRP_CD, COM_CD, CODE_NM, SORT_ORDER, IS_USE, ATTR_VALUE1, ATTR_VALUE2, ATTR_VALUE3, NOTE) VALUES ('16', '03', '금융(기타)', 3, 'Y', '', '', '', '');	
INSERT INTO  BM_CODE(GRP_CD, COM_CD, CODE_NM, SORT_ORDER, IS_USE, ATTR_VALUE1, ATTR_VALUE2, ATTR_VALUE3, NOTE) VALUES ('16', '04', '공공', 4, 'Y', '', '', '', '');	
INSERT INTO  BM_CODE(GRP_CD, COM_CD, CODE_NM, SORT_ORDER, IS_USE, ATTR_VALUE1, ATTR_VALUE2, ATTR_VALUE3, NOTE) VALUES ('16', '05', '유통', 5, 'Y', '', '', '', '');	
INSERT INTO  BM_CODE(GRP_CD, COM_CD, CODE_NM, SORT_ORDER, IS_USE, ATTR_VALUE1, ATTR_VALUE2, ATTR_VALUE3, NOTE) VALUES ('16', '06', '제조', 6, 'Y', '', '', '', '');	
INSERT INTO  BM_CODE(GRP_CD, COM_CD, CODE_NM, SORT_ORDER, IS_USE, ATTR_VALUE1, ATTR_VALUE2, ATTR_VALUE3, NOTE) VALUES ('16', '07', '일반', 7, 'Y', '', '', '', '');	
INSERT INTO  BM_CODE(GRP_CD, COM_CD, CODE_NM, SORT_ORDER, IS_USE, ATTR_VALUE1, ATTR_VALUE2, ATTR_VALUE3, NOTE) VALUES ('17', '10', 'SI', 1, 'Y', '', '', '', '');	
INSERT INTO  BM_CODE(GRP_CD, COM_CD, CODE_NM, SORT_ORDER, IS_USE, ATTR_VALUE1, ATTR_VALUE2, ATTR_VALUE3, NOTE) VALUES ('17', '20', 'SM', 2, 'Y', '', '', '', '');	
INSERT INTO  BM_CODE(GRP_CD, COM_CD, CODE_NM, SORT_ORDER, IS_USE, ATTR_VALUE1, ATTR_VALUE2, ATTR_VALUE3, NOTE) VALUES ('17', '30', 'SW', 3, 'Y', '', '', '', '');	
INSERT INTO  BM_CODE(GRP_CD, COM_CD, CODE_NM, SORT_ORDER, IS_USE, ATTR_VALUE1, ATTR_VALUE2, ATTR_VALUE3, NOTE) VALUES ('18', '00', '의견없음', 1, 'Y', '', '', '', '');	
INSERT INTO  BM_CODE(GRP_CD, COM_CD, CODE_NM, SORT_ORDER, IS_USE, ATTR_VALUE1, ATTR_VALUE2, ATTR_VALUE3, NOTE) VALUES ('18', '01', '재계약추천', 2, 'Y', '', '', '', '');	
INSERT INTO  BM_CODE(GRP_CD, COM_CD, CODE_NM, SORT_ORDER, IS_USE, ATTR_VALUE1, ATTR_VALUE2, ATTR_VALUE3, NOTE) VALUES ('18', '02', '재계약추천안함', 3, 'Y', '', '', '', '');	
INSERT INTO  BM_CODE(GRP_CD, COM_CD, CODE_NM, SORT_ORDER, IS_USE, ATTR_VALUE1, ATTR_VALUE2, ATTR_VALUE3, NOTE) VALUES ('18', '03', '의견보류', 4, 'Y', '', '', '', '');	
INSERT INTO  BM_CODE(GRP_CD, COM_CD, CODE_NM, SORT_ORDER, IS_USE, ATTR_VALUE1, ATTR_VALUE2, ATTR_VALUE3, NOTE) VALUES ('19', '01', 'PM', 1, 'Y', '', '', '', '');	
INSERT INTO  BM_CODE(GRP_CD, COM_CD, CODE_NM, SORT_ORDER, IS_USE, ATTR_VALUE1, ATTR_VALUE2, ATTR_VALUE3, NOTE) VALUES ('19', '02', 'PL', 2, 'Y', '', '', '', '');	
INSERT INTO  BM_CODE(GRP_CD, COM_CD, CODE_NM, SORT_ORDER, IS_USE, ATTR_VALUE1, ATTR_VALUE2, ATTR_VALUE3, NOTE) VALUES ('19', '03', '분석/설계', 3, 'Y', '', '', '', '');	
INSERT INTO  BM_CODE(GRP_CD, COM_CD, CODE_NM, SORT_ORDER, IS_USE, ATTR_VALUE1, ATTR_VALUE2, ATTR_VALUE3, NOTE) VALUES ('19', '04', '개발', 4, 'Y', '', '', '', '');	
INSERT INTO  BM_CODE(GRP_CD, COM_CD, CODE_NM, SORT_ORDER, IS_USE, ATTR_VALUE1, ATTR_VALUE2, ATTR_VALUE3, NOTE) VALUES ('19', '05', '퍼블리셔', 5, 'Y', '', '', '', '');	
INSERT INTO  BM_CODE(GRP_CD, COM_CD, CODE_NM, SORT_ORDER, IS_USE, ATTR_VALUE1, ATTR_VALUE2, ATTR_VALUE3, NOTE) VALUES ('19', '06', '컨설팅', 6, 'Y', '', '', '', '');	
INSERT INTO  BM_CODE(GRP_CD, COM_CD, CODE_NM, SORT_ORDER, IS_USE, ATTR_VALUE1, ATTR_VALUE2, ATTR_VALUE3, NOTE) VALUES ('20', '01', '경영파트', 1, 'Y', '', '', '', '');	
INSERT INTO  BM_CODE(GRP_CD, COM_CD, CODE_NM, SORT_ORDER, IS_USE, ATTR_VALUE1, ATTR_VALUE2, ATTR_VALUE3, NOTE) VALUES ('20', '02', '영업파트', 2, 'Y', '', '', '', '');	
INSERT INTO  BM_CODE(GRP_CD, COM_CD, CODE_NM, SORT_ORDER, IS_USE, ATTR_VALUE1, ATTR_VALUE2, ATTR_VALUE3, NOTE) VALUES ('20', '03', '연구파트', 3, 'Y', '', '', '', '');	
INSERT INTO  BM_CODE(GRP_CD, COM_CD, CODE_NM, SORT_ORDER, IS_USE, ATTR_VALUE1, ATTR_VALUE2, ATTR_VALUE3, NOTE) VALUES ('20', '04', '사업파트', 4, 'Y', '', '', '', '');	
INSERT INTO  BM_CODE(GRP_CD, COM_CD, CODE_NM, SORT_ORDER, IS_USE, ATTR_VALUE1, ATTR_VALUE2, ATTR_VALUE3, NOTE) VALUES ('21', '01', '신입', 1, 'Y', '', '', '', '');	
INSERT INTO  BM_CODE(GRP_CD, COM_CD, CODE_NM, SORT_ORDER, IS_USE, ATTR_VALUE1, ATTR_VALUE2, ATTR_VALUE3, NOTE) VALUES ('21', '02', '경력', 2, 'Y', '', '', '', '');	
INSERT INTO  BM_CODE(GRP_CD, COM_CD, CODE_NM, SORT_ORDER, IS_USE, ATTR_VALUE1, ATTR_VALUE2, ATTR_VALUE3, NOTE) VALUES ('22', '01', '자가', 1, 'Y', '', '', '', '');	
INSERT INTO  BM_CODE(GRP_CD, COM_CD, CODE_NM, SORT_ORDER, IS_USE, ATTR_VALUE1, ATTR_VALUE2, ATTR_VALUE3, NOTE) VALUES ('22', '02', '전세', 2, 'Y', '', '', '', '');	
INSERT INTO  BM_CODE(GRP_CD, COM_CD, CODE_NM, SORT_ORDER, IS_USE, ATTR_VALUE1, ATTR_VALUE2, ATTR_VALUE3, NOTE) VALUES ('22', '03', '월세', 3, 'Y', '', '', '', '');	
INSERT INTO  BM_CODE(GRP_CD, COM_CD, CODE_NM, SORT_ORDER, IS_USE, ATTR_VALUE1, ATTR_VALUE2, ATTR_VALUE3, NOTE) VALUES ('22', '04', '기타', 4, 'Y', '', '', '', '');	
INSERT INTO  BM_CODE(GRP_CD, COM_CD, CODE_NM, SORT_ORDER, IS_USE, ATTR_VALUE1, ATTR_VALUE2, ATTR_VALUE3, NOTE) VALUES ('23', '01', '기획', 1, 'Y', '', '', '', '');	
INSERT INTO  BM_CODE(GRP_CD, COM_CD, CODE_NM, SORT_ORDER, IS_USE, ATTR_VALUE1, ATTR_VALUE2, ATTR_VALUE3, NOTE) VALUES ('23', '02', '컨설팅', 2, 'Y', '', '', '', '');	
INSERT INTO  BM_CODE(GRP_CD, COM_CD, CODE_NM, SORT_ORDER, IS_USE, ATTR_VALUE1, ATTR_VALUE2, ATTR_VALUE3, NOTE) VALUES ('23', '03', '감리', 3, 'Y', '', '', '', '');	
INSERT INTO  BM_CODE(GRP_CD, COM_CD, CODE_NM, SORT_ORDER, IS_USE, ATTR_VALUE1, ATTR_VALUE2, ATTR_VALUE3, NOTE) VALUES ('23', '04', '프로젝트 관리 및 지원', 4, 'Y', '', '', '', '');	
INSERT INTO  BM_CODE(GRP_CD, COM_CD, CODE_NM, SORT_ORDER, IS_USE, ATTR_VALUE1, ATTR_VALUE2, ATTR_VALUE3, NOTE) VALUES ('23', '05', '영업 및 마케팅', 5, 'Y', '', '', '', '');	
INSERT INTO  BM_CODE(GRP_CD, COM_CD, CODE_NM, SORT_ORDER, IS_USE, ATTR_VALUE1, ATTR_VALUE2, ATTR_VALUE3, NOTE) VALUES ('23', '06', '시스템 개발', 6, 'Y', '', '', '', '');	
INSERT INTO  BM_CODE(GRP_CD, COM_CD, CODE_NM, SORT_ORDER, IS_USE, ATTR_VALUE1, ATTR_VALUE2, ATTR_VALUE3, NOTE) VALUES ('23', '07', '웹 및 콘텐츠 개발', 7, 'Y', '', '', '', '');	
INSERT INTO  BM_CODE(GRP_CD, COM_CD, CODE_NM, SORT_ORDER, IS_USE, ATTR_VALUE1, ATTR_VALUE2, ATTR_VALUE3, NOTE) VALUES ('24', '01', '전략 및 계획 수립', 1, 'Y', '01', '', '', '');	
INSERT INTO  BM_CODE(GRP_CD, COM_CD, CODE_NM, SORT_ORDER, IS_USE, ATTR_VALUE1, ATTR_VALUE2, ATTR_VALUE3, NOTE) VALUES ('24', '02', 'IT 컨설팅', 2, 'Y', '02', '', '', '');	
INSERT INTO  BM_CODE(GRP_CD, COM_CD, CODE_NM, SORT_ORDER, IS_USE, ATTR_VALUE1, ATTR_VALUE2, ATTR_VALUE3, NOTE) VALUES ('24', '03', 'BT 컨설팅', 3, 'Y', '02', '', '', '');	
INSERT INTO  BM_CODE(GRP_CD, COM_CD, CODE_NM, SORT_ORDER, IS_USE, ATTR_VALUE1, ATTR_VALUE2, ATTR_VALUE3, NOTE) VALUES ('24', '04', '솔루션 컨설팅', 4, 'Y', '02', '', '', '');	
INSERT INTO  BM_CODE(GRP_CD, COM_CD, CODE_NM, SORT_ORDER, IS_USE, ATTR_VALUE1, ATTR_VALUE2, ATTR_VALUE3, NOTE) VALUES ('24', '05', 'SI 감리', 5, 'Y', '03', '', '', '');	
INSERT INTO  BM_CODE(GRP_CD, COM_CD, CODE_NM, SORT_ORDER, IS_USE, ATTR_VALUE1, ATTR_VALUE2, ATTR_VALUE3, NOTE) VALUES ('24', '06', '프로젝트 관리', 6, 'Y', '04', '', '', '');	
INSERT INTO  BM_CODE(GRP_CD, COM_CD, CODE_NM, SORT_ORDER, IS_USE, ATTR_VALUE1, ATTR_VALUE2, ATTR_VALUE3, NOTE) VALUES ('24', '07', '품질관리', 7, 'Y', '04', '', '', '');	
INSERT INTO  BM_CODE(GRP_CD, COM_CD, CODE_NM, SORT_ORDER, IS_USE, ATTR_VALUE1, ATTR_VALUE2, ATTR_VALUE3, NOTE) VALUES ('24', '08', 'SI 영업', 8, 'Y', '05', '', '', '');	
INSERT INTO  BM_CODE(GRP_CD, COM_CD, CODE_NM, SORT_ORDER, IS_USE, ATTR_VALUE1, ATTR_VALUE2, ATTR_VALUE3, NOTE) VALUES ('24', '09', '솔루션 영업', 9, 'Y', '05', '', '', '');	
INSERT INTO  BM_CODE(GRP_CD, COM_CD, CODE_NM, SORT_ORDER, IS_USE, ATTR_VALUE1, ATTR_VALUE2, ATTR_VALUE3, NOTE) VALUES ('24', '10', '시스템 영업', 10, 'Y', '05', '', '', '');	
INSERT INTO  BM_CODE(GRP_CD, COM_CD, CODE_NM, SORT_ORDER, IS_USE, ATTR_VALUE1, ATTR_VALUE2, ATTR_VALUE3, NOTE) VALUES ('24', '11', '마케팅 관리', 11, 'Y', '05', '', '', '');	
INSERT INTO  BM_CODE(GRP_CD, COM_CD, CODE_NM, SORT_ORDER, IS_USE, ATTR_VALUE1, ATTR_VALUE2, ATTR_VALUE3, NOTE) VALUES ('24', '12', '시스템 S/W', 12, 'Y', '06', '', '', '');	
INSERT INTO  BM_CODE(GRP_CD, COM_CD, CODE_NM, SORT_ORDER, IS_USE, ATTR_VALUE1, ATTR_VALUE2, ATTR_VALUE3, NOTE) VALUES ('24', '13', '패키지 S/W', 13, 'Y', '06', '', '', '');	
INSERT INTO  BM_CODE(GRP_CD, COM_CD, CODE_NM, SORT_ORDER, IS_USE, ATTR_VALUE1, ATTR_VALUE2, ATTR_VALUE3, NOTE) VALUES ('24', '14', '응용 S/W', 14, 'Y', '06', '', '', '');	
INSERT INTO  BM_CODE(GRP_CD, COM_CD, CODE_NM, SORT_ORDER, IS_USE, ATTR_VALUE1, ATTR_VALUE2, ATTR_VALUE3, NOTE) VALUES ('24', '15', '통신 S/W', 15, 'Y', '06', '', '', '');	
INSERT INTO  BM_CODE(GRP_CD, COM_CD, CODE_NM, SORT_ORDER, IS_USE, ATTR_VALUE1, ATTR_VALUE2, ATTR_VALUE3, NOTE) VALUES ('24', '16', '임베디드 S/W', 16, 'Y', '06', '', '', '');	
INSERT INTO  BM_CODE(GRP_CD, COM_CD, CODE_NM, SORT_ORDER, IS_USE, ATTR_VALUE1, ATTR_VALUE2, ATTR_VALUE3, NOTE) VALUES ('24', '17', '데이터베이스', 17, 'Y', '06', '', '', '');	
INSERT INTO  BM_CODE(GRP_CD, COM_CD, CODE_NM, SORT_ORDER, IS_USE, ATTR_VALUE1, ATTR_VALUE2, ATTR_VALUE3, NOTE) VALUES ('24', '18', '웹 개발', 18, 'Y', '07', '', '', '');	
INSERT INTO  BM_CODE(GRP_CD, COM_CD, CODE_NM, SORT_ORDER, IS_USE, ATTR_VALUE1, ATTR_VALUE2, ATTR_VALUE3, NOTE) VALUES ('24', '19', '게임 애니메이션', 19, 'Y', '07', '', '', '');	
INSERT INTO  BM_CODE(GRP_CD, COM_CD, CODE_NM, SORT_ORDER, IS_USE, ATTR_VALUE1, ATTR_VALUE2, ATTR_VALUE3, NOTE) VALUES ('24', '20', '모바일 콘텐츠', 20, 'Y', '07', '', '', '');	
INSERT INTO  BM_CODE(GRP_CD, COM_CD, CODE_NM, SORT_ORDER, IS_USE, ATTR_VALUE1, ATTR_VALUE2, ATTR_VALUE3, NOTE) VALUES ('24', '21', '웹 디자인', 21, 'Y', '07', '', '', '');	
	
INSERT INTO  BM_MENU(MENU_CD, MENU_NM, PARENT_MENU_CD, MENU_LEVEL, SORT_ORDER, SRC_PATH, IS_USE) VALUES ('010000', '공통관리', '000000', 1, 1, '', 'Y');	
INSERT INTO  BM_MENU(MENU_CD, MENU_NM, PARENT_MENU_CD, MENU_LEVEL, SORT_ORDER, SRC_PATH, IS_USE) VALUES ('010100', '공통코드관리', '010000', 2, 1, '/ui/BM/BM001M01.xml', 'Y');	
INSERT INTO  BM_MENU(MENU_CD, MENU_NM, PARENT_MENU_CD, MENU_LEVEL, SORT_ORDER, SRC_PATH, IS_USE) VALUES ('010200', '권한관리', '010000', 2, 2, '/ui/BM/BM002M01.xml', 'Y');	
INSERT INTO  BM_MENU(MENU_CD, MENU_NM, PARENT_MENU_CD, MENU_LEVEL, SORT_ORDER, SRC_PATH, IS_USE) VALUES ('010300', '메뉴관리', '010000', 2, 3, '/ui/BM/BM003M01.xml', 'Y');	
INSERT INTO  BM_MENU(MENU_CD, MENU_NM, PARENT_MENU_CD, MENU_LEVEL, SORT_ORDER, SRC_PATH, IS_USE) VALUES ('020000', '인사관리', '000000', 1, 2, '', 'Y');	
INSERT INTO  BM_MENU(MENU_CD, MENU_NM, PARENT_MENU_CD, MENU_LEVEL, SORT_ORDER, SRC_PATH, IS_USE) VALUES ('020100', '조직기본관리', '020000', 2, 1, '/ui/HM/HM001M01.xml', 'Y');	
INSERT INTO  BM_MENU(MENU_CD, MENU_NM, PARENT_MENU_CD, MENU_LEVEL, SORT_ORDER, SRC_PATH, IS_USE) VALUES ('020200', '인사기본관리', '020000', 2, 2, '/ui/HM/HM002M01.xml', 'Y');	
	
INSERT INTO  BM_AUTHORITY(AUTHORITY_CD, AUTHORITY_NM, IS_USE) VALUES ('10000', '기본권한', 'Y');	
INSERT INTO  BM_AUTHORITY(AUTHORITY_CD, AUTHORITY_NM, IS_USE) VALUES ('10001', '조직관리권한', 'Y');	
INSERT INTO  BM_AUTHORITY(AUTHORITY_CD, AUTHORITY_NM, IS_USE) VALUES ('10002', '자료실관리권한', 'Y');	
INSERT INTO  BM_AUTHORITY(AUTHORITY_CD, AUTHORITY_NM, IS_USE) VALUES ('90000', '시스템관리권한', 'Y');	
	
INSERT INTO  HM_ORGAN_BASIC(ORG_CD, ORG_CLASS_CD, ORG_NM, SORT_ORDER, ORG_LEVEL, PARENT_ORG_CD) VALUES ('010000', '01', '조직', 1, 1, '000000');	
INSERT INTO  HM_ORGAN_BASIC(ORG_CD, ORG_CLASS_CD, ORG_NM, SORT_ORDER, ORG_LEVEL, PARENT_ORG_CD) VALUES ('010100', '01', 'CEO', 1, 2, '010000');	
INSERT INTO  HM_ORGAN_BASIC(ORG_CD, ORG_CLASS_CD, ORG_NM, SORT_ORDER, ORG_LEVEL, PARENT_ORG_CD) VALUES ('010200', '04', '서비스사업본부', 2, 2, '010000');	
INSERT INTO  HM_ORGAN_BASIC(ORG_CD, ORG_CLASS_CD, ORG_NM, SORT_ORDER, ORG_LEVEL, PARENT_ORG_CD) VALUES ('010201', '04', '서비스사업1팀', 1, 3, '010200');	
INSERT INTO  HM_ORGAN_BASIC(ORG_CD, ORG_CLASS_CD, ORG_NM, SORT_ORDER, ORG_LEVEL, PARENT_ORG_CD) VALUES ('010202', '04', '서비스사업2팀', 2, 3, '010200');	
INSERT INTO  HM_ORGAN_BASIC(ORG_CD, ORG_CLASS_CD, ORG_NM, SORT_ORDER, ORG_LEVEL, PARENT_ORG_CD) VALUES ('010203', '04', '서비스사업3팀', 3, 3, '010200');	
INSERT INTO  HM_ORGAN_BASIC(ORG_CD, ORG_CLASS_CD, ORG_NM, SORT_ORDER, ORG_LEVEL, PARENT_ORG_CD) VALUES ('010300', '02', '전략영업본부', 3, 2, '010000');	
INSERT INTO  HM_ORGAN_BASIC(ORG_CD, ORG_CLASS_CD, ORG_NM, SORT_ORDER, ORG_LEVEL, PARENT_ORG_CD) VALUES ('010301', '02', '전략영업1팀', 1, 3, '010300');	
INSERT INTO  HM_ORGAN_BASIC(ORG_CD, ORG_CLASS_CD, ORG_NM, SORT_ORDER, ORG_LEVEL, PARENT_ORG_CD) VALUES ('010302', '02', '전략영업2팀', 2, 3, '010300');	
INSERT INTO  HM_ORGAN_BASIC(ORG_CD, ORG_CLASS_CD, ORG_NM, SORT_ORDER, ORG_LEVEL, PARENT_ORG_CD) VALUES ('010303', '02', '공공영업팀', 3, 3, '010300');	
INSERT INTO  HM_ORGAN_BASIC(ORG_CD, ORG_CLASS_CD, ORG_NM, SORT_ORDER, ORG_LEVEL, PARENT_ORG_CD) VALUES ('010304', '02', 'SI영업팀', 4, 3, '010300');	
INSERT INTO  HM_ORGAN_BASIC(ORG_CD, ORG_CLASS_CD, ORG_NM, SORT_ORDER, ORG_LEVEL, PARENT_ORG_CD) VALUES ('010400', '03', '연구개발본부', 4, 2, '010000');	
INSERT INTO  HM_ORGAN_BASIC(ORG_CD, ORG_CLASS_CD, ORG_NM, SORT_ORDER, ORG_LEVEL, PARENT_ORG_CD) VALUES ('010401', '03', '연구개발1팀', 1, 3, '010400');	
INSERT INTO  HM_ORGAN_BASIC(ORG_CD, ORG_CLASS_CD, ORG_NM, SORT_ORDER, ORG_LEVEL, PARENT_ORG_CD) VALUES ('010402', '03', '연구개발2팀', 2, 3, '010400');	
INSERT INTO  HM_ORGAN_BASIC(ORG_CD, ORG_CLASS_CD, ORG_NM, SORT_ORDER, ORG_LEVEL, PARENT_ORG_CD) VALUES ('010500', '04', '전략사업본부', 5, 2, '010000');	
INSERT INTO  HM_ORGAN_BASIC(ORG_CD, ORG_CLASS_CD, ORG_NM, SORT_ORDER, ORG_LEVEL, PARENT_ORG_CD) VALUES ('010501', '04', 'UX지원팀', 1, 3, '010500');	
INSERT INTO  HM_ORGAN_BASIC(ORG_CD, ORG_CLASS_CD, ORG_NM, SORT_ORDER, ORG_LEVEL, PARENT_ORG_CD) VALUES ('010502', '04', 'SW컨설팅팀', 2, 3, '010500');	
INSERT INTO  HM_ORGAN_BASIC(ORG_CD, ORG_CLASS_CD, ORG_NM, SORT_ORDER, ORG_LEVEL, PARENT_ORG_CD) VALUES ('010503', '04', '사업지원팀', 3, 3, '010500');	
INSERT INTO  HM_ORGAN_BASIC(ORG_CD, ORG_CLASS_CD, ORG_NM, SORT_ORDER, ORG_LEVEL, PARENT_ORG_CD) VALUES ('010504', '04', '기술지원팀', 4, 3, '010500');	
INSERT INTO  HM_ORGAN_BASIC(ORG_CD, ORG_CLASS_CD, ORG_NM, SORT_ORDER, ORG_LEVEL, PARENT_ORG_CD) VALUES ('010505', '04', '기반기술사업팀', 5, 3, '010500');	
INSERT INTO  HM_ORGAN_BASIC(ORG_CD, ORG_CLASS_CD, ORG_NM, SORT_ORDER, ORG_LEVEL, PARENT_ORG_CD) VALUES ('010600', '04', '경영지원실', 6, 2, '010000');	
INSERT INTO  HM_ORGAN_BASIC(ORG_CD, ORG_CLASS_CD, ORG_NM, SORT_ORDER, ORG_LEVEL, PARENT_ORG_CD) VALUES ('010601', '04', '경영지원팀', 1, 3, '010600');	
